'authorDisplayName','msg_count'
'Daniel Hempelmann','1'
'coby hizkiya','1'
'Robert Leachman','1'
'Harpog','1'
'Tom West','1'
'Iam Liam','1'
'MADVIKING007','1'
'John Doe','1'
'Infinite Being','1'
'Us and Them\, aka Kelly','1'
'Brian Burford','1'
'Petey Pariah','1'
'Ben C Schmitt','1'
'Carlos Machaen','1'
'Its All Good Games','1'
'Spiritdancer Dance off Light from the Universe','1'
'Folio','1'
'Calicofrost','1'
'Yura Shishmarev','1'
'Aikipablo','1'
'NeonDragon1','1'
'Plasmachasm','1'
'Angels Place','1'
'Ashu Mishra','1'
'jkno','1'
